FT-3061-2,FT-3061-3,FT-3061-4,LT-3061-2,FT-3062-1,TT-3061-3,TT-3061-4,PT-3061-3
73.4,132.2,50.6,53.8,48.2,82.9,127.1,-0.8937
73.32,130.47,50.46,53.76,48.02,82.9,127.08,-0.8937550000000001
73.138,131.103,50.294,53.564,47.868,82.9,127.062,-0.8940795000000001
73.0342,129.08270000000002,50.4046,53.2776,47.9212,82.89000000000001,127.0458,-0.8942615500000001
73.10078,130.36443000000003,50.304140000000004,52.87984,47.939080000000004,82.88100000000001,127.02122,-0.8943153950000001
73.17070199999999,129.547987,50.503726,52.381856,47.565172000000004,82.8829,126.99909799999999,-0.8941988555
73.20363179999998,129.27318830000002,50.58335340000001,51.8836704,47.82865480000001,82.89461,126.96918819999999,-0.8940939699499999
73.12326861999998,129.32586947000001,50.755018060000005,51.35530336,47.68578932000001,82.935149,126.96226938,-0.893724572955
73.03094175799998,127.873282523,50.88951625400001,50.999773024,47.377210388000016,83.0016341,126.966042442,-0.8935571156594999
73.09784758219999,128.7159542707,51.01056462860001,50.889795721599995,47.239489349200014,83.08147069,126.9694381978,-0.8936264040935499
73.14806282398,127.15435884363,51.169508165740005,51.01081614944,46.93554041428001,83.163323621,127.02249437802,-0.8938537636841949
73.063256541582,127.978922959267,51.102557349166005,51.20973453449599,47.76198637285201,83.24699125890001,127.050244940218,-0.8939483873157754
73.03693088742381,126.2710306633403,50.9723016142494,51.438761081046394,48.03578773556681,83.32229213301002,127.0652204461962,-0.8939785485841979
73.10323779868143,127.57392759700626,50.585071452824465,51.54488497294176,48.30220896201013,83.38006291970902,127.05869840157658,-0.8942806937257781
73.11291401881329,127.51653483730564,50.45656430754202,51.43039647564758,48.501988065809115,83.41205662773812,127.05282856141892,-0.8943876243532004
73.02162261693196,127.30488135357507,50.40090787678781,51.20735682808283,48.9117892592282,83.41085096496431,127.02754570527702,-0.8943188619178803
73.09946035523876,128.01439321821755,50.41081708910903,50.89662114527455,49.130610333305384,83.37976586846789,126.99479113474932,-0.8944769757260923
73.02951431971488,126.5829538963958,50.39973538019813,50.446959030747095,48.61754929997485,83.3317892816211,126.97531202127438,-0.8944542781534831
73.0965628877434,127.59465850675622,50.52976184217832,50.012263127672384,48.265794369977364,83.28861035345898,126.95778081914693,-0.8942688503381349
73.12690659896907,125.98519265608059,50.606785657960486,49.661036814905145,48.52921493297963,83.24974931811309,126.94200273723223,-0.8941019653043214
73.09421593907217,127.09667339047252,50.68610709216444,49.43493313341463,48.536293439681664,83.22477438630177,126.947802463509,-0.8940617687738892
73.11479434516495,126.70700605142527,50.407496382948,49.371439820073164,47.9926640957135,83.2222969476716,126.9630222171581,-0.8938605918965002
73.06331491064844,126.74630544628273,50.6167467446532,49.43429583806585,47.883397686142146,83.25006725290443,126.97671999544228,-0.8939545327068502
73.09698341958361,127.09167490165446,50.34507207018788,49.500866254259265,47.70505791752793,83.295060527614,126.96904799589805,-0.8942040794361652
73.14728507762526,126.59250741148901,50.2405648631691,49.540779628833334,47.634552125775144,83.3555544748526,126.96214319630825,-0.8942086714925487
73.10255656986273,127.3632566703401,50.11650837685219,49.48670166595,47.471096913197634,83.41999902736734,126.94592887667741,-0.8943778043432937
72.85230091287646,127.77693100330609,50.06485753916697,49.358031499355,47.07398722187787,83.46799912463061,126.93133598900967,-0.8943100239089643
72.52707082158881,127.16923790297548,50.02837178525027,49.16222834941949,47.056588499690086,83.50119921216755,126.91820239010869,-0.8943590215180679
72.18436373942993,126.81231411267794,50.08553460672525,48.80600551447755,46.51092964972108,83.51107929095079,126.91638215109782,-0.8943481193662611
71.87592736548693,127.65108270141015,50.176981146052725,48.415404963029786,46.36983668474897,83.48997136185571,126.93474393598804,-0.894338307429635
71.69833462893823,125.97597443126914,50.30928303144745,47.97386446672681,46.292853016274066,83.45097422567014,126.98126954238923,-0.8942744766866715
71.6285011660444,127.22837698814222,50.40835472830271,47.686478020054125,46.01356771464666,83.40587680310313,127.01314258815032,-0.8941070290180043
71.64565104943996,126.755539289328,50.74751925547244,47.517830218048715,45.542210943182,83.35528912279281,127.04182832933529,-0.8939013261162039
71.55108594449597,126.7199853603952,50.1627673299252,47.49604719624384,45.2079898488638,83.32976021051354,127.06764549640175,-0.8935511935045836
71.30597735004636,127.04798682435568,50.016490596932684,47.62644247661946,45.34719086397742,83.32678418946219,127.09088094676159,-0.8936210741541252
71.15537961504174,126.29318814192011,49.91484153723942,47.67379822895751,45.32247177757967,83.35410577051597,127.10179285208542,-0.8936289667387126
71.11984165353756,127.1238693277281,49.83335738351548,47.61641840606176,45.120224599821704,83.39869519346438,127.12161356687687,-0.8935810700648414
70.8578574881838,125.6114823949553,49.78002164516393,47.45477656545559,45.208202139839536,83.46882567411794,127.13945221018918,-0.8938129630583572
70.72207173936542,126.77033415545978,49.72201948064754,47.17929890891003,45.61738192585558,83.56194310670614,127.15550698917025,-0.8936916667525215
70.81986456542887,125.4533007399138,49.77981753258279,46.801369018019024,45.70564373327002,83.68574879603553,127.15995629025322,-0.8935825000772694
70.69787810888599,126.61797066592241,49.901835779324514,46.46123211621712,45.67507935994302,83.83717391643196,127.1639606612279,-0.8933742500695424
70.55809029799738,126.46617359933016,49.85165220139206,46.215108904595404,45.57757142394872,84.01345652478878,127.18756459510512,-0.8930768250625882
70.60228126819764,126.99955623939714,49.766486981252854,46.123598014135865,45.429814281553845,84.21211087230989,127.2088081355946,-0.8931391425563294
70.77205314137788,126.71960061545742,49.529838283127575,46.17123821272228,45.38683285339846,84.4208997850789,127.24792732203512,-0.8929752283006964
70.8948478272401,125.67764055391167,49.47685445481482,46.35411439145005,45.388149568058616,84.61880980657101,127.29313458983161,-0.8928277054706267
71.16536304451608,126.7298764985205,49.73916900933334,46.538702952305044,44.83933461125276,84.79692882591391,127.30382113084845,-0.8930799349235641
71.05882674006449,125.47688884866845,49.9952521084,46.61483265707454,44.79540115012748,84.94723594332251,127.3134390177636,-0.8932519414312077
71.24294406605804,126.7991999638016,50.01572689756,46.553349391367085,45.255861035114734,85.06251234899027,127.33209511598724,-0.8931317472880869
71.20864965945225,125.63927996742143,49.984154207804,46.35801445223038,45.01027493160326,85.12626111409124,127.32888560438852,-0.8930235725592782
71.32778469350703,125.6053519706793,50.18573878702361,46.03221300700734,44.62924743844294,85.15363500268211,127.33599704394966,-0.8932012153033504
71.33500622415633,125.80481677361136,50.15716490832125,45.67899170630661,44.63632269459865,85.1382715024139,127.3523973395547,-0.8929760937730155
71.3315056017407,125.06433509625023,50.30144841748912,45.28109253567595,44.25269042513878,85.09444435217252,127.36715760559923,-0.8926634843957139
71.27835504156663,126.11790158662521,50.33130357574021,44.96298328210836,43.687421382624905,85.02499991695527,127.41044184503932,-0.8923271359561424
71.22051953740996,124.8161114279627,50.34817321816619,44.766684953897524,43.488679244362416,84.94249992525974,127.44939766053538,-0.8920244223605281
71.32846758366897,125.90450028516642,50.38335589634957,44.71001645850777,42.999811319926174,84.85824993273377,127.48445789448185,-0.8917519801244753
71.51562082530207,124.34405025664978,50.48502030671462,44.869014812657,42.68983018793356,84.7924249394604,127.50601210503366,-0.8918367821120278
71.58405874277186,125.54964523098481,50.416518276043156,45.1121133313913,42.520847169140204,84.74318244551436,127.5754108945303,-0.892298103900825
71.59565286849468,125.76468070788633,50.25486644843885,45.32090199825217,42.49876245222618,84.70886420096292,127.60786980507726,-0.8923282935107425
71.71608758164521,125.6082126370977,49.989379803594964,45.398811798426955,42.568886207003565,84.67797778086663,127.60708282456953,-0.8925204641596682
71.92447882348068,126.39739137338792,49.87044182323547,45.28893061858426,42.59199758630321,84.64018000277996,127.59637454211259,-0.8924734177437014
72.01203094113262,125.24765223604912,49.71339764091192,45.10003755672583,42.20279782767289,84.59616200250197,127.58673708790133,-0.8925960759693312
72.01082784701937,126.4028870124442,49.512057876820734,44.740033801053244,42.182518044905606,84.53654580225177,127.5680633791112,-0.8927614683723981
71.90974506231743,124.92259831119978,49.44085208913866,44.37603042094792,42.04426624041505,84.49289122202659,127.54125704120008,-0.8925253215351583
71.78877055608568,126.2603384800798,49.8467668802248,44.018427378853126,42.20983961637354,84.47360209982392,127.52713133708008,-0.8920927893816425
71.62989350047711,125.77430463207182,50.13209019220231,43.74658464096781,41.69885565473619,84.46624188984153,127.56441820337207,-0.8919235104434783
71.4869041504294,126.96687416886463,50.14888117298209,43.61192617687103,41.59897008926257,84.46961770085738,127.56797638303486,-0.8917711593991304
71.52821373538646,126.29018675197817,50.35399305568388,43.68073355918393,41.72907308033631,84.48265593077164,127.58117874473137,-0.8917990434592173
71.61539236184781,127.31116807678035,50.19859375011549,43.932660203265534,41.736165772302684,84.51439033769448,127.58306087025824,-0.8918241391132956
71.74385312566304,127.07005126910231,50.128734375103946,44.149394182938984,41.94254919507242,84.56295130392503,127.58475478323241,-0.8920667252019661
71.73946781309674,126.62304614219207,49.94586093759355,44.21445476464508,41.73829427556518,84.62665617353252,127.57627930490918,-0.8921750526817696
71.62552103178707,127.38074152797286,49.941274843834194,44.123009288180576,41.91446484800866,84.69399055617927,127.55865137441826,-0.8922725474135926
71.76296892860836,126.17266737517558,49.89714735945077,43.89070835936252,41.3230183632078,84.76459150056135,127.55278623697643,-0.8923602926722334
71.88667203574752,127.15540063765802,49.96743262350569,43.53163752342627,41.34071652688702,84.82813235050523,127.5475076132788,-0.89243926340501
71.84800483217276,125.68986057389222,49.99068936115512,43.108473771083645,41.16664487419832,84.87531911545472,127.56275685195091,-0.892400337064509
71.94320434895549,126.75087451650299,50.141620425039605,42.76762639397528,40.949980386778485,84.90778720390924,127.57648116675581,-0.8924203033580582
72.06888391405994,127.06578706485269,50.227458382535644,42.57086375457775,40.90498234810063,84.9270084835183,127.59883305008023,-0.8925482730222524
72.34199552265395,126.28920835836742,50.14471254428208,42.503777379119974,40.37448411329057,84.92430763516647,127.61894974507221,-0.8924434457200271
72.64779597038856,127.30028752253068,50.11024128985387,42.653399641207976,40.13703570196151,84.91187687164982,127.657054770565,-0.8923491011480243
72.9330163733497,125.64025877027761,50.10921716086848,42.968059677087176,39.97333213176536,84.89068918448484,127.6713492935085,-0.8922641910332219
73.16971473601474,126.81623289324985,49.92829544478163,43.36125370937846,40.025998918588826,84.87162026603636,127.68421436415765,-0.8922977719298997
73.36274326241326,124.75460960392485,49.91546590030347,43.825128338440614,40.47339902672995,84.84445823943273,127.68579292774189,-0.8924379947369097
73.49646893617194,123.99914864353237,49.87391931027312,44.23261550459655,40.22605912405695,84.81001241548945,127.65721363496769,-0.8927291952632187
73.68682204255475,125.57923377917913,49.986527379245814,44.43935395413689,40.10345321165126,84.76901117394051,127.61149227147092,-0.8929362757368968
73.76813983829928,127.53131040126121,50.11787464132124,44.5154185587232,39.99310789048613,84.71211005654646,127.57034304432383,-0.8932326481632071
73.78132585446936,126.36817936113509,49.976087177189115,44.44387670285087,39.84379710143752,84.64089905089182,127.51330873989146,-0.8934993833468864
73.70319326902242,125.71136142502158,50.0284784594702,44.25948903256578,39.869417391293766,84.55680914580263,127.4719778659023,-0.8933544450121977
73.59287394212018,127.21022528251942,49.985630613523185,44.013540129309206,39.58247565216439,84.46112823122238,127.43478007931206,-0.893334000510978
73.45358654790816,128.67920275426746,49.91706755217087,43.772186116378286,39.98422808694795,84.34501540810014,127.41130207138086,-0.8930956004598802
73.39822789311734,126.69128247884072,49.99536079695378,43.64496750474046,39.77580527825316,84.21051386729012,127.39017186424277,-0.8928260404138922
73.2984051038056,127.58215423095665,50.185824717258406,43.64047075426641,39.86822475042784,84.06946248056111,127.3511546778185,-0.892748436372503
73.37856459342504,129.203938807861,50.27724224553256,43.90642367883977,40.08140227538506,83.932516232505,127.31603921003665,-0.8926785927352527
73.34070813408253,127.79354492707489,50.18951802097931,44.375781310955794,39.77326204784656,83.7992646092545,127.30443528903298,-0.8926707334617275
73.12663732067429,125.5941904343674,50.08056621888137,44.89820317986022,39.8459358430619,83.67933814832904,127.29399176012969,-0.8927736601155547
73.14397358860687,127.46477139093066,49.87250959699323,45.338382861874194,40.20134225875571,83.57140433349613,127.28459258411672,-0.8929212941039992
73.28957622974617,128.5082942518376,49.84525863729391,45.54454457568677,40.001208032880136,83.47426390014652,127.25613332570505,-0.8930541646935993
73.18061860677156,126.18746482665385,49.73073277356452,45.540090118118094,39.631087229592126,83.38683751013187,127.22051999313454,-0.8931737482242393
73.10255674609441,127.78871834398846,49.53765949620807,45.36608110630628,40.057978506632914,83.30815375911868,127.18846799382109,-0.8932813734018153
73.23230107148497,128.69984650958963,49.81389354658726,45.019472995675656,40.10218065596962,83.24733838320681,127.15962119443898,-0.8932682360616337
73.13907096433648,126.36986185863067,50.09250419192853,44.557525696108094,40.05196259037266,83.23260454488613,127.14365907499509,-0.8929814124554704
72.96516386790283,126.96287567276761,50.23325377273568,44.101773126497285,40.026766331335395,83.26934409039752,127.12929316749558,-0.8928882712099233
72.93864748111254,128.32658810549086,50.25992839546211,43.83159581384756,40.12408969820186,83.36240968135778,127.11636385074603,-0.892419444088931
73.07478273300129,127.01392929494178,50.323935555915895,43.7484362324628,40.24168072838167,83.496168713222,127.11472746567142,-0.8923274996800379
73.12730445970116,125.5925363654476,50.331542000324305,43.80359260921652,40.3775126555435,83.6665518418998,127.14325471910428,-0.8921347497120341
72.97457401373104,127.16328272890284,50.15838780029188,44.02323334829487,40.20976138998915,83.86989665770982,127.15892924719384,-0.8921812747408308
72.93711661235793,125.93695445601256,50.04254902026269,44.260910013465384,39.878785250990234,84.08290699193883,127.14303632247446,-0.8926081472667476
73.04340495112214,124.4032590104113,50.08829411823642,44.45481901211885,40.27090672589121,84.29461629274495,127.118732690227,-0.8928273325400728
73.19906445600992,126.27293310937017,50.069464706412774,44.529337110906965,40.263816053302094,84.48515466347045,127.1068594212043,-0.8931345992860655
73.08915801040892,126.63563979843315,50.012518235771495,44.44640339981627,39.83743444797189,84.65663919712341,127.09617347908387,-0.8933561393574591
72.90024220936803,123.87207581858982,50.06126641219434,44.181763059834644,39.8736910031747,84.81097527741107,127.08655613117548,-0.8932805254217132
72.89021798843123,125.30486823673084,50.21513977097491,43.89358675385118,40.086321902857236,84.94987774966998,127.09790051805794,-0.8932124728795419
73.0611961895881,127.09438141305775,50.14362579387742,43.634228078466066,40.10768971257151,85.07488997470298,127.11811046625215,-0.8928762255915876
72.8850765706293,125.06494327175197,50.209263214489674,43.46080527061946,40.28692074131436,85.1874009772327,127.13629941962694,-0.8925736030324288
73.00656891356637,125.39844894457678,50.1683368930407,43.42472474355752,40.39822866718293,85.27866087950943,127.15266947766423,-0.892411242729186
72.88591202220972,127.0986040501191,50.07150320373663,43.51225226920177,40.018405800464635,85.3707947915585,127.1774025298978,-0.8923201184562674
72.96732081998876,126.7787436451072,50.19435288336297,43.711027042281586,40.116565220418174,85.47371531240265,127.19966227690801,-0.8924031066106406
73.04058873798989,124.44086928059649,50.14491759502667,43.90992433805343,39.494908698376356,85.5763437811624,127.2096960492172,-0.8924227959495765
72.8965298641909,125.23678235253684,50.110425835524,44.06893190424808,39.615417828538725,85.67870940304616,127.21872644429547,-0.8923855163546188
73.0668768777718,126.73310411728315,50.1193832519716,44.08203871382327,40.01387604568485,85.78083846274154,127.20685379986593,-0.8922969647191569
72.95018918999462,125.67979370555483,49.91744492677444,43.99383484244095,40.592488441116366,85.88275461646738,127.18616841987934,-0.8922722682472412
73.05517027099515,124.73181433499934,49.91570043409699,43.814451358196855,40.26323959700473,85.97447915482064,127.1875515778914,-0.8922500414225171
73.00965324389563,126.2186329014994,49.9541303906873,43.59300622237717,40.276915637304256,86.04703123933858,127.19879642010227,-0.8925050372802654
73.01868791950606,127.84676961134947,50.09871735161857,43.28370560013945,39.999224073573835,86.10232811540472,127.19891677809204,-0.8922945335522389
73.06681912755545,125.55209265021452,50.078845616456704,42.985335040125506,39.68930166621645,86.14209530386424,127.19902510028284,-0.8922700801970149
72.9401372147999,124.36688338519306,50.09096105481103,42.79680153611296,39.71037149959481,86.17788577347781,127.20912259025457,-0.8921380721773134
73.09612349331992,125.99019504667376,50.35186494932993,42.78712138250167,40.22933434963532,86.21009719613002,127.2282103312291,-0.8920192649595822
72.98651114398794,126.05117554200639,50.29667845439693,42.928409244251505,40.546400914671786,86.24908747651702,127.2553892981062,-0.892187338463624
73.02786002958915,123.55605798780576,50.24701060895724,43.19556831982635,40.401760823204604,86.30417872886531,127.28985036829557,-0.8921186046172616
73.07507402663023,124.87045218902519,50.15230954806152,43.52601148784372,40.79158474088415,86.36376085597878,127.31086533146602,-0.8923317441555354
72.88756662396722,126.47340697012267,50.047078593255364,43.843410339059346,40.52242626679573,86.4173847703809,127.32977879831942,-0.8926335697399819
73.05880996157049,124.1960662731104,49.83237073392983,44.00906930515341,40.75018364011616,86.46564629334281,127.34680091848749,-0.8929052127659838
72.97292896541344,125.29645964579936,49.53913366053684,44.05816237463807,40.67516527610455,86.49908166400853,127.34212082663873,-0.8929296914893854
72.98563606887211,127.03681368121943,49.86522029448316,43.98234613717427,40.6676487484941,86.53917349760768,127.33790874397485,-0.8929517223404468
73.0970724619849,124.9431323130975,50.16869826503484,43.78411152345684,40.71088387364469,86.58525614784692,127.33411786957737,-0.8929715501064022
72.9173652157864,125.87881908178774,50.30182843853136,43.59570037111116,40.38979548628022,86.64673053306223,127.32070608261964,-0.893099395095762
73.03562869420776,127.78093717360896,50.201645594678226,43.446130334000046,40.3908159376522,86.722057479756,127.31863547435768,-0.8931044555861858
73.06206582478698,125.97284345624807,50.211481035210404,43.39151730060004,39.93173434388698,86.80985173178041,127.33677192692191,-0.8928890100275673
72.90585924230828,126.42555911062327,50.27033293168936,43.63236557054004,39.98856090949828,86.89886655860236,127.36309473422972,-0.8928051090248106
73.03527331807746,127.93300319956093,50.30329963852043,43.93912901348604,39.659704818548455,86.97897990274213,127.36678526080675,-0.8927845981223296
73.0217459862697,127.17970287960483,50.27296967466839,44.22521611213744,39.63373433669361,87.05108191246791,127.36010673472609,-0.8927661383100967
72.84957138764274,125.52173259164435,50.04567270720155,44.35269450092369,39.360360903024244,87.10597372122112,127.34409606125348,-0.892804524479087
73.02461424887846,127.18955933247992,49.9611054364814,44.367425050831315,39.304324812721816,87.15537634909901,127.32968645512814,-0.8929490720311782
72.90215282399062,126.26060339923193,49.98499489283326,44.240682545748186,39.463892331449635,87.19983871418913,127.30671780961532,-0.8929691648280604
72.94193754159156,124.52454305930874,50.03649540354993,44.036614291173365,39.89750309830467,87.23985484277023,127.28604602865379,-0.8929872483452543
72.98774378743241,126.15208875337787,49.962845863194936,43.722952862056026,39.9977527884742,87.2858693584932,127.2674414257884,-0.8925635235107289
72.82896940868918,127.38687987804008,50.046561276875444,43.430657575850425,40.26797750962679,87.33728242264388,127.26069728320957,-0.892567171159656
72.96607246782027,125.12819189023608,49.941905149187896,43.18759181826538,40.51117975866411,87.40355418037949,127.25462755488861,-0.8926254540436904
72.95946522103824,126.12537270121247,49.9277146342691,43.048832636438846,40.8100617827977,87.48319876234153,127.25916479939974,-0.8927329086393213
72.86351869893443,127.93283543109122,50.174943170842184,43.05394937279497,41.42905560451793,87.56487888610738,127.27324831945977,-0.8924996177753892
72.947166829041,125.84955188798209,50.30744885375797,43.18855443551547,41.77615004406613,87.63839099749664,127.28592348751378,-0.8922346559978503
73.0224501461369,126.31459669918388,50.11670396838217,43.39969899196392,41.68853503965951,87.69455189774698,127.2873311387624,-0.8924361903980653
72.90020513152321,128.0731370292655,50.005033571543954,43.66972909276753,41.479681535693565,87.72509670797228,127.28859802488617,-0.8926175713582588
72.82018461837089,127.15582332633895,50.02453021438956,43.94275618349078,41.121713382124206,87.73258703717507,127.27973822239755,-0.8927808142224329
72.9781661565338,126.20024099370505,49.952077192950604,44.0484805651417,41.13954204391179,87.70932833345756,127.25176440015781,-0.8928727328001896
73.03034954088042,127.93021689433455,49.986869473655545,44.033632508627534,41.16558783952061,87.65839550011181,127.22658796014204,-0.8928454595201707
72.89731458679239,126.44719520490109,49.95818252628999,43.94026925776478,41.119029055568554,87.58255595010063,127.19392916412784,-0.8929859135681536
72.99758312811315,126.14247568441098,49.95236427366099,43.6962423319883,41.1171261500117,87.50430035509056,127.17453624771505,-0.8930573222113382
73.07782481530184,127.92822811596987,50.19712784629489,43.40661809878947,40.75541353501053,87.42387031958151,127.15708262294355,-0.8929015899902043
72.94004233377166,127.27540530437288,50.1874150616654,43.145956288910526,40.74987218150948,87.37148328762336,127.12137436064918,-0.8928714309911839
72.92603810039449,124.6278647739356,50.29867355549885,42.991360660019474,41.074884963358535,87.35433495886103,127.08923692458426,-0.8927892878920656
73.09343429035503,125.96507829654203,50.428806199948966,42.942224594017524,41.05739646702268,87.35890146297493,127.07031323212583,-0.8926053591028591
73.18409086131953,127.58857046688783,50.295925579954066,42.998002134615774,41.55165682032041,87.38301131667743,127.04328190891324,-0.8925498231925731
73.08568177518758,125.28971342019905,50.29633302195866,43.1282019211542,41.09649113828837,87.42471018500969,127.02895371802192,-0.8926098408733159
72.98711359766882,125.68074207817915,50.1166997197628,43.31538172903878,41.03684202445953,87.47223916650873,127.00605834621973,-0.8927738567859843
73.14840223790193,127.85266787036123,50.005029747786516,43.453843556134906,40.63315782201357,87.50501524985786,126.96545251159776,-0.8930864711073858
73.04356201411174,126.4474010833251,49.95452677300787,43.48845920052142,40.539842039812214,87.52451372487208,126.93890726043799,-0.8929828239966472
73.10920581270058,126.33266097499259,49.939074095707085,43.359613280469276,40.37585783583099,87.53206235238488,126.90501653439419,-0.8929995415969825
73.19828523143053,127.87939487749333,50.07516668613637,43.143651952422346,40.48827205224789,87.5388561171464,126.88451488095478,-0.8927395874372842
72.98845670828749,128.411455389744,50.10765001752274,42.889286757180116,40.6694448470231,87.54497050543176,126.8660633928593,-0.8926156286935557
73.11961103745874,125.9103098507696,50.06688501577046,42.780358081462104,40.97250036232079,87.56047345488858,126.86945705357337,-0.8927240658242
73.07764993371286,126.64927886569264,50.160196514193416,42.7923222733159,40.92525032608871,87.58442610939973,126.87251134821604,-0.89260165924178
72.97988494034158,128.07435097912338,50.314176862774076,43.023090045984304,40.97272529347984,87.61598349845977,126.88526021339443,-0.892546493317602
73.08189644630741,126.41691588121104,50.17275917649667,43.28078104138588,40.995452764131855,87.6443851486138,126.88673419205499,-0.8922768439858418
73.18370680167666,125.86522429308994,50.095483258847004,43.46270293724729,41.065907487718675,87.65994663375241,126.87806077284948,-0.8920341595872576
72.98533612150901,127.58870186378095,50.045934932962304,43.506432643522565,40.90931673894681,87.66395197037717,126.85025469556453,-0.8921457436285318
73.1068025093581,127.37983167740286,49.89134143966608,43.455789379170305,40.72838506505213,87.66755677333946,126.82522922600808,-0.8922461692656787
73.0461222584223,125.02184850966258,49.87220729569947,43.34021044125327,40.93554655854692,87.6708010960055,126.80270630340726,-0.8923365523391109
72.95151003258006,126.06966365869631,49.82498656612952,43.17618939712794,40.88199190269223,87.68372098640496,126.78243567306653,-0.8921428971051999
73.13635902932207,128.1526972928267,49.982487909516564,42.948570457415144,40.693792712423004,87.71534888776446,126.78419210575987,-0.8920786073946799
73.07272312638986,127.22742756354404,49.87423911856491,42.73371341167363,40.424413441180704,87.76381399898801,126.78577289518388,-0.891910746655212
73.24545081375088,124.74468480718963,49.84681520670842,42.59034207050627,40.68197209706263,87.82743259908922,126.8071956056655,-0.8919246719896907
73.42090573237579,126.04021632647067,49.81213368603758,42.54130786345564,40.813774887356374,87.9046893391803,126.82647604509896,-0.8919372047907217
73.53881515913821,127.91619469382361,50.060920317433826,42.61717707711008,40.83239739862074,87.98422040526228,126.85382844058906,-0.8917834843116496
73.7449336432244,125.80457522444125,50.09482828569045,42.79545936939907,40.78915765875867,88.05579836473606,126.85844559653015,-0.8915901358804846
73.97044027890196,124.83411770199713,50.2153454571214,42.985913432459164,41.180241892882805,88.12021852826246,126.87260103687714,-0.8917461222924361
74.16339625101178,126.68070593179742,50.32381091140927,43.227322089213246,40.80221770359453,88.1581966754362,126.87534093318943,-0.8919415100631924
74.3470566259106,126.72263533861768,50.171429820268344,43.37458988029192,40.82199593323508,88.17237700789258,126.85780683987049,-0.8919523590568732
74.49235096331954,124.61037180475591,50.00428683824151,43.44713089226273,40.759796339911574,88.15513930710333,126.84202615588345,-0.8922371231511859
74.40311586698759,125.70933462428033,49.893858154417366,43.42241780303645,40.813816705920416,88.119625376393,126.83782354029509,-0.8922184108360672
74.52280428028884,127.53840116185229,49.93447233897563,43.300176022732806,40.90243503532838,88.0676628387537,126.81404118626558,-0.8922565697524605
74.69052385225996,125.74456104566706,50.19102510507807,43.150158420459526,41.29219153179554,88.00089655487834,126.78263706763902,-0.8923459127772144
74.59147146703397,126.35010494110034,50.22192259457026,42.96514257841358,41.30297237861598,87.9208068993905,126.76437336087511,-0.892371321499493
74.68232432033057,127.7250944469903,50.249730335113235,42.818628320572216,40.97267514075438,87.84872620945146,126.75793602478761,-0.8921191893495437
74.81409188829751,125.77258500229127,50.284757301601914,42.806765488515,40.70540762667894,87.78385358850632,126.76214242230884,-0.8920572704145893
74.72268269946777,126.28532650206215,50.41628157144172,42.876088939663504,40.39486686401104,87.74546822965569,126.76592818007795,-0.8918365433731303
74.64041442952099,127.99679385185594,50.26465341429755,43.048480045697154,40.49538017760994,87.72092140669012,126.75933536207016,-0.8917478890358174
74.58637298656889,126.93711446667034,50.198188072867794,43.29363204112744,40.695842159848944,87.7088292660211,126.74340182586315,-0.8918881001322356
74.667735687912,125.0434030200033,50.128369265581014,43.594268837014695,40.856257943864044,87.70794633941898,126.70906164327684,-0.8919592901190121
74.8009621191208,126.15906271800296,50.05553233902291,43.81484195331323,40.93063214947764,87.6971517054771,126.67815547894917,-0.8919133611071108
74.92086590720871,127.29315644620266,50.09997910512062,43.9333577579819,40.557568934529876,87.67743653492938,126.65033993105425,-0.8919820249963998
75.00877931648783,125.0438408015824,50.10998119460855,43.91002198218371,40.631812041076884,87.64969288143644,126.62530593794882,-0.8920988224967599
74.98790138483905,125.72945672142417,50.118983075147696,43.82901978396534,41.1486308369692,87.60472359329279,126.59277534415394,-0.8922039402470838
74.86911124635515,127.69651104928175,50.077084767632925,43.65611780556881,40.89376775327228,87.55425123396351,126.56349780973854,-0.8922435462223754
74.75220012171964,125.66685994435358,50.22937629086963,43.43050602501193,40.874390977945055,87.49882611056717,126.54714802876468,-0.8922791916001379
74.82698010954768,125.45017394991821,50.296438661782666,43.24745542251073,40.64695188015055,87.44894349951045,126.5424332258882,-0.8922562724401241
74.93428209859292,127.2151565549264,50.1867947956044,43.14270988025966,40.4322566921355,87.4140491495594,126.5581899032994,-0.8922356451961116
74.93085388873362,126.94364089943376,50.30811531604396,43.16843889223369,40.75903102292195,87.38264423460346,126.57237091296946,-0.8921070806765006
74.92776849986026,125.00927680949037,50.327303784439565,43.321595003010316,40.733127920629755,87.3543798111431,126.55513382167251,-0.8920463726088504
74.90499164987423,126.48834912854134,50.234573405995604,43.63943550270928,40.339815128566784,87.3189418300288,126.52962043950527,-0.8923217353479654
75.0144924848868,126.83951421568722,50.23111606539605,43.935491952438355,40.425833615710104,87.25704764702593,126.49665839555473,-0.8924595618131689
75.09304323639812,124.33556279411849,50.09800445885645,44.19194275719452,40.653250254139095,87.18134288232335,126.45699255599926,-0.8925836056318519
74.9137389127583,125.25200651470664,49.89820401297081,44.39274848147507,41.11792522872519,87.09320859409101,126.41129330039934,-0.8925852450686668
74.88236502148247,127.26680586323597,49.67838361167372,44.39347363332756,40.58613270585267,86.9838877346819,126.36016397035941,-0.8927517205618001
74.92412851933423,125.72012527691237,49.59054525050635,44.3841262699948,41.0375194352674,86.86549896121372,126.31414757332347,-0.8930115485056201
74.96171566740081,125.00811274922114,49.66149072545572,44.33571364299532,40.94376749174066,86.72894906509235,126.28273281599111,-0.8929703936550581
75.00554410066073,126.67730147429903,49.73534165291015,44.22214227869579,41.22939074256659,86.57605415858312,126.244459534392,-0.8929333542895523
75.05498969059465,126.90957132686911,50.051807487619136,44.10992805082621,40.936451668309935,86.4184487427248,126.23001358095281,-0.8927350188605971
75.1094907215352,124.4786141941822,50.17662673885722,44.008935245743594,40.92280650147894,86.24660386845233,126.23701222285753,-0.8926665169745375
75.13854164938166,125.44075277476398,50.1089640649715,43.94804172116923,40.78052585133105,86.08194348160708,126.23331100057177,-0.8925498652770837
75.1746874844435,126.98667749728759,50.08806765847436,43.95323754905231,40.682473266197945,85.94374913344637,126.2399799005146,-0.8924998787493753
75.20721873599915,125.70800974755883,50.09926089262693,44.09791379414708,40.56422593957815,85.83937422010173,126.23598191046312,-0.8926198908744377
75.24649686239924,124.27720877280295,50.01933480336424,44.368122414732376,40.71780334562034,85.76543679809157,126.2123837194168,-0.892617901786994
75.28184717615932,125.75948789552265,50.03740132302781,44.68131017325914,40.9060230110583,85.71889311828242,126.19114534747513,-0.8925611116082945
75.32366245854338,127.1235391059704,50.03366119072503,44.92317915593323,41.16542070995247,85.68700380645419,126.17203081272761,-0.8927300004474651
75.36129621268904,126.39118519537337,49.98029507165252,45.07086124033991,41.14887863895723,85.65830342580878,126.15482773145484,-0.8927720004027186
75.39516659142014,125.12206667583604,49.89226556448727,45.113775116305916,41.2639907750615,85.6324730832279,126.14934495830936,-0.8929748003624468
75.41564993227813,126.71986000825244,49.853039008038536,45.11239760467532,41.11759169755535,85.59922577490511,126.15441046247841,-0.893047320326202
75.43408493905032,128.1678740074272,49.917735107234684,45.091157844207785,40.83583252779981,85.5593031974146,126.15896941623058,-0.8931675882935818
75.44067644514529,125.9410866066845,49.98596159651122,44.93204205978701,41.14224927501983,85.51337287767313,126.16307247460753,-0.8932208294642235
75.41660880063075,126.11697794601604,50.097365436860095,44.75883785380831,41.27802434751785,85.47203558990583,126.15676522714678,-0.8930487465178012
75.37494792056768,127.74528015141443,50.14762889317409,44.60295406842748,41.10022191276606,85.42483203091525,126.1710887044321,-0.8928938718660211
75.32745312851091,127.97075213627299,50.34286600385668,44.62265866158473,41.090199721489455,85.39234882782372,126.18397983398889,-0.892974484679419
75.23470781565982,125.5936769226457,50.29857940347101,44.81039279542625,41.13117974934051,85.36311394504136,126.20558185059,-0.8927720362114772
75.13123703409384,126.42430923038113,50.22872146312391,45.16935351588363,40.86806177440646,85.34680255053722,126.205023665531,-0.8929748325903295
74.95811333068447,128.011878307343,50.025849316811524,45.55241816429527,40.50125559696582,85.3421222954835,126.1945212989779,-0.8930473493312965
74.78230199761602,126.92069047660871,49.803264385130376,45.79717634786574,40.44113003726924,85.32791006593516,126.18506916908011,-0.8932776143981669
74.65407179785441,125.96862142894784,49.81293794661734,45.87745871307916,40.18701703354232,85.31511905934164,126.1765622521721,-0.8933198529583501
74.64866461806896,127.89175928605306,49.911644151955606,45.809712841771244,40.30831533018809,85.29360715340746,126.1689060269549,-0.8935778676625151
74.75379815626206,127.30258335744776,49.92047973676004,45.64874155759412,40.53748379716928,85.26424643806672,126.16201542425941,-0.8935350808962637
74.85841834063586,125.15232502170298,50.03843176308404,45.493867401834706,40.74373541745235,85.22782179426005,126.15581388183347,-0.8935515728066372
74.97257650657228,126.33709251953269,50.14458858677564,45.334480661651234,40.719361875707115,85.20503961483405,126.16023249365011,-0.8935114155259736
75.05531885591505,127.91338326757942,50.05012972809808,45.27103259548611,41.6174256881364,85.19453565335064,126.1742092442851,-0.8934752739733762
75.11978697032353,125.60204494082149,50.01511675528827,45.4539293359375,41.71568311932276,85.18508208801558,126.1767883198566,-0.8934427465760386
75.16780827329119,126.61184044673934,50.083605079759444,45.79853640234376,41.804114807390484,85.17657387921403,126.17910948787093,-0.8936884719184347
75.18102744596207,128.3506564020654,50.065244571783495,46.24868276210938,42.11370332665143,85.16891649129263,126.19119853908384,-0.8940196247265912
75.18292470136586,126.16559076185885,50.018720114605145,46.68381448589844,42.64233299398629,85.16202484216336,126.20207868517545,-0.8942626622539321
75.15463223122927,126.52903168567298,49.94684810314463,46.955433037308595,42.54809969458766,85.14582235794703,126.19187081665791,-0.894591396028539
75.10916900810635,128.1161285171057,49.95216329283017,46.98988973357773,42.5832897251289,85.12124012215232,126.18268373499212,-0.8947772564256851
75.01825210729572,127.21451566539513,49.93694696354715,46.91090076021996,42.374960752616005,85.07911610993709,126.16441536149291,-0.8948895307831165
74.93642689656616,126.4230640988556,49.85325226719243,46.69981068419796,42.62746467735441,85.01120449894339,126.14797382534361,-0.8947705777048048
74.76278420690954,128.59075768897003,49.93792704047319,46.37982961577817,42.48471820961897,84.93008404904906,126.13317644280924,-0.8944985199343244
74.6165057862186,127.22168192007302,50.15413433642588,46.11184665420035,42.06624638865707,84.84707564414416,126.12985879852832,-0.8944186679408919
74.49485520759674,126.85951372806572,50.02872090278329,45.960661988780316,41.829621749791364,84.76236807972975,126.14687291867548,-0.8942918011468026
74.36536968683707,128.57356235525916,50.19584881250496,45.954595789902285,41.976659574812224,84.68613127175678,126.17218562680794,-0.8942326210321223
74.25883271815336,127.27620611973325,50.14626393125447,46.079136210912054,41.828993617331,84.61751814458111,126.18496706412715,-0.8941793589289101
74.16294944633802,126.52858550775991,50.39163753812902,46.29122258982085,41.7260942555979,84.565766330123,126.19647035771443,-0.894076423036019
74.0666545017042,128.22572695698392,50.112473784316116,46.62210033083876,41.643484830038105,84.5291896971107,126.19682332194299,-0.8940937807324171
73.98998905153378,128.20315426128553,50.161226405884506,47.049890297754885,41.6191363470343,84.49627072739963,126.19714098974868,-0.8943294026591754
73.93099014638041,125.71283883515699,50.03510376529606,47.46490126797939,41.44722271233087,84.46664365465968,126.1874268907738,-0.8944864623932578
73.76789113174237,127.3915549516413,49.91159338876645,47.608411141181456,41.45250044109778,84.43997928919372,126.16868420169642,-0.894737816153932
73.71110201856813,127.98239945647717,49.890434049889805,47.627570027063314,41.497250396988,84.39598136027433,126.14181578152679,-0.8948540345385387
73.61999181671132,125.39415951082945,49.93139064490083,47.51481302435698,41.9275253572892,84.3463832242469,126.1276342033741,-0.8948486310846849
73.5579926350402,127.0647435597465,50.03825158041075,47.223331721921284,41.814772821560275,84.29174490182221,126.1248707830367,-0.8944587679762165
73.50219337153618,127.79826920377185,50.154426422369674,46.84099854972915,41.53329553940425,84.24257041163999,126.12238370473302,-0.8942728911785949
73.44197403438255,125.59844228339466,50.178983780132704,46.56689869475623,42.059965985463826,84.188313370476,126.14014533425971,-0.8942156020607354
73.3877766309443,126.8985980550552,50.25108540211943,46.440208825280614,41.90396938691744,84.13948203342841,126.17613080083373,-0.8939440418546618
73.36899896784986,127.50873824954968,50.31597686190749,46.44618794275255,42.16357244822569,84.08553383008557,126.19851772075036,-0.8938096376691956
73.32209907106488,125.34786442459472,50.26437917571673,46.6115691484773,42.22721520340313,84.04698044707702,126.21866594867532,-0.8937436739022762
73.30988916395839,125.65307798213526,50.267941258145065,46.91041223362957,42.11449368306281,84.03228240236932,126.22679935380779,-0.8936843065120486
73.28890024756255,127.50777018392174,50.02114713233056,47.179371010266614,41.79304431475653,84.03905416213239,126.22411941842702,-0.8936308758608438
73.2700102228063,126.09699316552957,49.9290324190975,47.34143390923995,41.88373988328088,84.05514874591915,126.21170747658432,-0.8936377882747594
73.25300920052568,125.93729384897662,49.96612917718775,47.367290518315954,41.765365894952794,84.07963387132723,126.1805367289259,-0.8939190094472834
73.23770828047311,127.77356446407896,49.86951625946898,47.20056146648436,41.698829305457515,84.09167048419451,126.15248305603332,-0.894172108502555
73.2239374524258,127.31620801767106,49.932564633522084,46.820505319835924,41.46894637491176,84.09250343577506,126.11723475042999,-0.8942898976522996
73.22154370718322,125.90458721590394,50.02930817016987,46.408454787852335,41.27205173742058,84.07325309219756,126.08551127538699,-0.8942309078870696
73.19938933646489,127.61412849431355,50.11637735315288,45.9976093090671,41.654846563678525,84.03592778297781,126.07696014784828,-0.8941778170983626
73.18945040281841,127.6027156448822,50.184739617837586,45.68784837816039,41.379361907310674,83.98233500468002,126.05926413306346,-0.8939650353885263
73.17050536253657,125.62244408039398,50.17626565605383,45.50906354034435,41.171425716579606,83.91410150421203,126.06333771975711,-0.8938835318496736
73.15345482628291,126.65019967235459,50.06863909044844,45.46815718630992,40.994283144921646,83.84269135379083,126.0570039477814,-0.8935901786647064
73.13810934365462,128.36517970511915,50.0517751814036,45.59134146767893,41.14485483042948,83.78842221841174,126.03130355300326,-0.8934361607982357
73.12429840928915,126.18866173460724,50.11659766326324,45.94220732091104,41.19036934738653,83.73957999657057,126.00817319770293,-0.8933525447184122
73.08186856836024,127.01979556114652,50.144937896936916,46.40798658881994,41.42133241264788,83.69562199691352,125.98735587793264,-0.893277290246571
73.07368171152422,128.58781600503187,49.85044410724323,46.82718792993795,41.28919917138309,83.64605979722216,125.94862029013939,-0.8935395612219138
73.0663135403718,127.44903440452869,49.725399696518906,47.12446913694415,41.57027925424478,83.61145381749995,125.89375826112544,-0.8935556050997224
73.06968218633462,126.13413096407581,49.582859726867014,47.26202222324974,41.2132513288203,83.57030843574995,125.8343824350129,-0.8937900445897502
73.05271396770115,128.01071786766823,49.57457375418031,47.20582000092477,41.27192619593827,83.52327759217496,125.7709441915116,-0.8938910401307752
73.05744257093104,127.9296460809014,49.77711637876227,46.92523800083229,41.78473357634444,83.46094983295748,125.71384977236045,-0.8940919361176977
73.06169831383795,126.26668147281126,49.82940474088605,46.58271420074906,41.82626021871,83.38485484966174,125.67246479512441,-0.8940527425059278
73.05552848245415,127.98001332553014,49.66646426679745,46.214442780674155,41.253634196838995,83.31636936469556,125.63521831561198,-0.894017468255335
73.04997563420874,127.94201199297711,49.6998178401177,45.95299850260674,41.38827077715509,83.26473242822601,125.61169648405078,-0.8939307214298016
73.04497807078786,125.9678107936794,49.73983605610593,45.80769865234606,41.06944369943958,83.24825918540341,125.5905268356457,-0.8938526492868215
73.04048026370907,127.36102971431146,49.605852450495334,45.796928787111455,41.47249932949562,83.28343326686307,125.57147415208112,-0.8940023843581394
73.02643223733816,128.03492674288032,49.675267205445806,45.917235908400315,41.46524939654606,83.35508994017675,125.55432673687301,-0.8938071459223255
73.02378901360434,125.47143406859229,49.78774048490123,46.11551231756028,41.42872445689145,83.45958094615908,125.53889406318571,-0.8936314313300929
73.01141011224391,126.45429066173307,49.4689664364111,46.41396108580425,41.74585201120231,83.58362285154317,125.52500465686713,-0.8933632881970837
73.01026910101952,128.15886159555976,49.31206979276999,46.78256497722383,41.44126681008208,83.71526056638885,125.51250419118041,-0.8935069593773753
73.01924219091757,126.71297543600377,49.07086281349299,47.03430847950145,41.53714012907387,83.84373450974996,125.50125377206237,-0.8936912634396379
73.02731797182581,125.5616778924034,48.923776532143684,47.1008776315513,41.45342611616648,83.95936105877497,125.48112839485614,-0.8937471370956741
73.01458617464323,127.44551010316306,48.85139887892932,47.020789868396164,41.61808350454984,84.06342495289748,125.45301555537053,-0.8937424233861067
73.02312755717891,127.18095909284676,48.996258991036385,46.798710881556545,41.81627515409485,84.14708245760772,125.42771399983347,-0.8939581810474959
73.01081480146101,124.72286318356208,49.266633091932746,46.478839793400894,42.16464763868537,84.21237421184696,125.40494259985012,-0.8940423629427463
73.01973332131492,126.59057686520588,49.649969782739475,46.130955814060805,42.248182874816834,84.25113679066226,125.42444833986511,-0.8938981266484717
73.01775998918342,127.18151917868529,49.68497280446553,45.81786023265472,42.04336458733515,84.25602311159602,125.4420035058786,-0.8935483139836246
73.01598399026507,124.91336726081677,50.00647552401898,45.65607420938925,42.09902812860163,84.24042080043642,125.45780315529075,-0.8933984825852621
73.00438559123856,126.4120305347351,50.03582797161709,45.710466788450326,41.97912531574146,84.21637872039278,125.45202283976167,-0.893043634326736
72.9939470321147,127.79082748126159,50.00224517445538,45.939420109605294,41.721212784167314,84.20474084835351,125.4468205557855,-0.8930542708940623
72.98455232890325,125.25174473313542,49.87202065700984,46.185478098644765,41.499091505750584,84.21426676351815,125.43213850020695,-0.893118843804656
72.98609709601293,125.62657025982188,49.794818591308854,46.34693028878029,41.189182355175525,84.25284008716633,125.41892465018626,-0.8934519594241904
73.01748738641163,127.42391323383968,49.71533673217797,46.362237259902265,40.86026411965797,84.2975560784497,125.38703218516763,-0.8935867634817714
73.04573864777046,125.25152191045571,49.80380305896017,46.25601353391204,40.834237707692175,84.34780047060474,125.36832896665086,-0.8936530871335943
73.04116478299342,125.57636971941014,49.973422753064156,46.00041218052083,40.88081393692296,84.39302042354427,125.34149606998577,-0.8936027784202347
73.03704830469408,127.56873274746913,50.09608047775774,45.65037096246875,41.20273254323067,84.44371838118984,125.31734646298719,-0.8933925005782112
73.03334347422468,125.84185947272222,50.07647242998196,45.23533386622187,40.5924592889076,84.50934654307085,125.30561181668847,-0.8932582505203901
73.04000912680222,124.83767352545,50.26882518698376,44.86180047959969,41.043213360016836,84.59841188876376,125.30505063501963,-0.893082425468351
73.02600821412199,126.493906172905,50.30194266828539,44.595620431639716,41.11889202401515,84.70857069988739,125.30454557151766,-0.8929791829215159
73.01340739270978,125.48451555561451,50.25174840145685,44.51605838847574,40.85700282161364,84.83771362989864,125.3340910143659,-0.8927212646293643
73.01206665343881,124.35606400005307,50.316573561311166,44.61445254962817,41.01130253945228,84.98394226690878,125.36068191292931,-0.8926541381664279
73.00085998809493,125.99045760004776,50.39491620518005,44.89300729466535,41.01017228550705,85.13554804021791,125.39461372163638,-0.8925937243497851
72.99077398928543,127.871411840043,50.365424584662044,45.313706565198814,40.94915505695635,85.28199323619612,125.44515234947275,-0.8925943519148066
72.98169659035688,125.6342706560387,50.16888212619584,45.85233590867893,41.044239551260716,85.4037939125765,125.45063711452548,-0.8926499167233259
72.9935269313212,126.40084359043483,50.121993913576254,46.207102317811035,41.18981559613464,85.50341452131886,125.44557340307293,-0.8931399250509934
72.98417423818907,128.06075923139133,49.979794522218626,46.37639208602993,41.31083403652118,85.58307306918697,125.44101606276563,-0.893470932545894
72.98575681437016,126.8446833082522,49.92181506999676,46.37875287742694,41.48975063286906,85.62476576226827,125.43691445648906,-0.8938238392913047
72.98718113293315,126.95021497742698,49.85963356299708,46.19087758968425,41.090775569582156,85.64228918604144,125.44322301084016,-0.8937564553621742
72.98846301963982,128.55519347968428,50.053670206697376,45.881789830715825,41.511698012623945,85.64806026743729,125.44890070975615,-0.8936958098259569
72.97961671767584,127.50967413171585,50.308303186027636,45.553610847644244,41.56052821136156,85.63325424069356,125.46401063878054,-0.8935862288433613
72.96165504590826,126.73870671854428,50.58747286742488,45.308249762879825,42.1244753902254,85.61992881662421,125.48760957490248,-0.8932126059590251
72.98548954131743,128.49483604668984,50.62872558068239,45.21742478659184,42.41202785120286,85.62793593496178,125.51884861741223,-0.8929863453631226
72.98694058718569,127.81535244202087,50.55585302261416,45.29568230793266,42.53082506608257,85.6651423414656,125.54696375567102,-0.8929477108268103
72.96824652846712,125.66381719781877,50.42026772035275,45.50611407713939,42.377742559474314,85.72862810731904,125.58226738010391,-0.8930229397441293
72.9914218756204,127.0974354780369,50.36824094831748,45.84550266942545,42.54996830352688,85.81576529658713,125.62404064209352,-0.8928706457697163
73.00227968805837,128.41769193023322,50.291416853485735,46.25095240248291,42.29497147317419,85.91418876692842,125.65163657788418,-0.8930635811927446
73.01205171925254,126.7159227372099,50.052275168137164,46.65585716223462,42.11547432585677,86.00276989023557,125.66647292009576,-0.8931272230734701
73.01084654732729,126.2343304634889,50.07704765132345,46.860271446011154,42.4439268932711,86.07249290121202,125.65982562808618,-0.8934045007661231
73.02976189259455,127.84089741714001,50.0093428861911,46.93424430141004,42.77953420394399,86.11524361109082,125.65384306527757,-0.8937090506895108
73.04678570333509,127.91680767542601,49.81840859757199,46.86081987126904,42.61158078354959,86.12371924998175,125.66845875874981,-0.8937631456205597
73.06210713300158,125.4751269078834,49.83656773781479,46.64473788414213,42.12042270519463,86.09134732498357,125.67161288287483,-0.8937568310585037
73.04589641970142,127.24761421709506,50.022910964033315,46.33026409572792,42.36838043467517,86.03221259248521,125.69445159458735,-0.8935861479526533
73.05130677773128,127.61285279538556,50.03061986762998,46.027237686155125,42.04154239120765,85.96899133323669,125.7450064351286,-0.8935425331573881
73.04617609995816,125.031567515847,50.11755788086698,45.874513917539616,41.64738815208689,85.92209219991302,125.78050579161574,-0.8930082798416493
73.03155848996235,126.6984107642623,50.10580209278029,45.907062525785655,41.332649336878205,85.90988297992172,125.81245521245417,-0.8929674518574844
73.01840264096612,127.71856968783608,49.94522188350226,46.13635627320709,41.36938440319039,85.92889468192955,125.84120969120875,-0.8929857066717359
73.00656237686951,125.14671271905247,49.80069969515204,46.44272064588638,40.71244596287135,85.9660052137366,125.85708872208787,-0.8931121360045623
73.01590613918256,126.91204144714723,49.610629725636834,46.68844858129775,40.58120136658421,85.99940469236293,125.86137984987909,-0.8931159224041061
73.02431552526431,128.67083730243252,49.51956675307315,46.74960372316797,40.513081229925795,86.02946422312664,125.84524186489118,-0.8931193301636955
73.02188397273788,126.21375357218926,49.44761007776583,46.74464335085118,40.54177310693321,86.05651780081398,125.82071767840206,-0.8930123971473259
73.0396955754641,127.51237821497034,49.402849069989244,46.620179015766055,40.667595796239894,86.05086602073257,125.81864591056186,-0.8933011574325933
73.03572601791768,129.2111403934733,49.38256416299032,46.37816111418945,40.4008362166159,86.0157794186593,125.82678131950567,-0.893286041689334
73.0521534161259,126.51002635412597,49.454307746691285,46.09034500277051,40.61075259495431,85.95420147679337,125.83410318755512,-0.8931624375204006
73.05693807451331,126.66902371871338,49.54887697202216,45.78131050249346,40.80967733545888,85.87878132911403,125.8306928687996,-0.8931611937683606
73.06124426706198,128.41212134684204,49.84398927481994,45.523179452244115,40.78870960191299,85.81090319620263,125.83762358191964,-0.8931050743915245
73.05511984035579,126.22090921215784,50.129590347337945,45.25086150701971,40.54983864172169,85.76981287658236,125.84386122372769,-0.8928345669523721
73.04960785632021,126.61881829094204,50.426631312604144,45.105775356317736,40.644854777549526,85.76283158892413,125.85947510135492,-0.8926461102571349
73.03464707068818,128.46693646184784,50.76396818134373,45.12519782068596,40.68036929979458,85.78654843003171,125.88352759121943,-0.8924764992314215
73.02118236361937,125.98024281566306,50.81757136320935,45.32267803861737,40.54233236981512,85.83789358702855,125.92517483209748,-0.8924888493082793
73.00906412725743,127.23221853409675,50.59581422688842,45.66041023475563,40.60809913283361,85.90410422832568,125.95265734888773,-0.8926099643774513
73.1281577145317,128.73899668068708,50.53623280419958,46.08436921128006,40.71728921955025,85.98369380549312,125.96739161399896,-0.8928289679397062
73.12534194307852,126.07509701261837,50.252609523779626,46.44593229015206,40.39556029759523,86.0553244249438,125.97065245259905,-0.8931910711457356
73.12280774877068,126.81758731135653,50.257348571401664,46.56133906113685,40.73600426783571,86.13979198244942,125.96358720733916,-0.893516964031162
73.12052697389362,128.06582858022088,50.1816137142615,46.47520515502317,40.67240384105214,86.22581278420449,125.94722848660524,-0.8937552676280458
73.12847427650425,125.7392457221988,50.18345234283535,46.19768463952085,40.76516345694692,86.32323150578405,125.92250563794471,-0.8937497408652412
73.12562684885383,127.20532114997891,50.22510710855181,45.877916175568764,41.00864711125223,86.43090835520564,125.90025507415024,-0.8935797667787171
73.11306416396845,128.57478903498102,50.38259639769663,45.56012455801189,40.647782400127014,86.53781751968508,125.90022956673522,-0.8932067901008454
73.09175774757159,126.11731013148292,50.12433675792697,45.354112102210706,40.863004160114315,86.65403576771656,125.91020661006169,-0.8930361110907608
73.07258197281445,126.18557911833463,50.06190308213428,45.26870089198964,40.72670374410288,86.7786321909449,125.88918594905552,-0.8930474999816846
73.07532377553301,128.37702120650115,50.155712773920854,45.37183080279067,40.52403336969259,86.91076897185042,125.88026735414996,-0.8931127499835162
73.07779139797971,126.30931908585104,50.18014149652877,45.7046477225116,40.961630032723335,87.03969207466537,125.86224061873496,-0.8932264749851646
73.06001225818173,126.39838717726595,50.222127346875894,46.08418295026044,40.715467029451005,87.15572286719883,125.83601655686147,-0.8936038274866481
73.06401103236357,128.10854845953935,50.04991461218831,46.3957646552344,40.863920326505905,87.25015058047896,125.81241490117533,-0.8939434447379834
73.03760992912721,126.16769361358541,50.01492315096948,46.55618818971096,40.52752829385532,87.30513552243107,125.7911734110578,-0.894029100264185
73.0338489362145,127.18092425222687,50.01343083587253,46.510569370739866,40.27477546446978,87.31462197018796,125.76205606995202,-0.8941611902377665
73.04046404259306,129.0728318270042,49.91208775228528,46.30951243366587,40.45729791802281,87.28315977316916,125.75585046295681,-0.8940050712139899
73.03641763833375,127.03554864430379,50.050878977056755,45.998561190299284,40.41156812622053,87.20484379585224,125.77026541666113,-0.8938645640925909
73.03277587450037,126.89199377987342,49.98579107935108,45.69870507126935,40.58041131359848,87.12435941626703,125.77323887499502,-0.8936831076833318
73.00949828705033,128.61279440188608,49.86721197141597,45.43883456414242,40.66237018223863,87.05192347464033,125.78591498749552,-0.8934097969149987
72.99854845834531,127.14151496169747,50.10049077427437,45.354951107728176,40.70613316401477,87.0067311271763,125.81732348874597,-0.8931638172234988
72.98869361251079,125.72736346552772,50.39044169684693,45.42945599695536,40.89551984761329,86.99605801445867,125.84559113987137,-0.8929424355011489
72.97982425125971,127.08462711897494,50.48139752716223,45.676510397259825,40.655967862851966,87.00645221301279,125.88103202588422,-0.8926331919510341
72.97184182613375,127.80616440707743,50.303257774446,46.11885935753384,40.91037107656677,87.03580699171152,125.90292882329581,-0.8925198727559306
72.97465764352037,125.51554796636968,50.0229319970014,46.68697342178046,40.82933396891009,87.06222629254037,125.91263594096623,-0.8926378854803375
72.98719187916834,126.77399316973272,49.85063879730126,47.20827607960241,40.72640057201908,87.08600366328635,125.91137234686961,-0.8929640969323037
72.97847269125151,128.34659385275944,49.78557491757113,47.557448471642175,40.643760514817174,87.0874032969577,125.89023511218265,-0.8933126872390733
72.95062542212636,126.5719344674835,49.64701742581401,47.70170362447796,40.86938446333546,87.04866296726193,125.8612116009644,-0.893406418515166
72.94556287991372,126.59474102073514,49.70231568323261,47.58153326203016,41.012446017001906,86.98379667053574,125.83509044086796,-0.8937107766636494
72.96100659192236,128.25526691866162,49.812084114909354,47.31337993582714,41.211201415301716,86.88541700348216,125.80158139678116,-0.8938196989972845
72.95490593273013,126.83974022679546,49.890875703418416,47.01204194224443,41.29008127377155,86.76687530313394,125.82142325710304,-0.893422729097556
72.96941533945711,125.5457662041159,49.93178813307658,46.76083774801998,41.191073146394395,86.63018777282056,125.81928093139273,-0.8933404561878004
72.9724738055114,126.99118958370431,50.068609319768925,46.57475397321798,41.49196583175496,86.4771689955385,125.81735283825346,-0.8933764105690204
72.96522642496026,127.09207062533388,49.77174838779204,46.57727857589618,41.052769248579466,86.31945209598466,125.81561755442812,-0.8930787695121184
72.95870378246423,124.5828635628005,49.99457354901283,46.70955071830656,40.87749232372152,86.16750688638619,125.84405579898531,-0.8933058925609066
72.9628334042178,126.19457720652045,49.95511619411155,46.898595646475904,40.83974309134936,86.03075619774758,125.87965021908678,-0.8932903033048161
72.97655006379603,127.43511948586841,50.02960457470039,47.168736081828314,40.84576878221442,85.90768057797283,125.8916851971781,-0.8932762729743344
72.98889505741643,124.94160753728157,49.916644117230355,47.631862473645484,40.74119190399298,85.80691252017554,125.8925166774603,-0.893263645676901
72.9800055516748,126.00744678355342,49.904979705507316,48.04867622628094,41.017072713593684,85.73622126815798,125.89326500971428,-0.8934172811092109
73.00200499650731,127.92670210519807,49.714481734956586,48.353808603652844,41.02536544223432,85.68259914134218,125.88393850874286,-0.8935555529982898
73.02180449685657,126.68403189467827,49.72303356146092,48.47842774328756,40.97282889801088,85.63433922720796,125.87554465786857,-0.8938999976984608
73.02962404717093,124.32562870521045,49.63073020531483,48.430584968958804,40.81554600820979,85.59090530448717,125.87799019208173,-0.8939349979286147
73.02666164245383,125.5230658346894,49.75765718478335,48.25752647206293,41.46399140738881,85.53181477403845,125.86019117287354,-0.8938564981357533
73.03399547820845,127.57075925122047,49.81189146630501,48.06177382485663,41.587592266649935,85.45863329663462,125.84417205558618,-0.8937858483221779
73.0305959303876,125.31368332609843,49.88070231967451,47.81559644237096,41.848833039984946,85.38276996697115,125.81975485002756,-0.8937222634899602
73.02753633734885,125.88231499348858,49.80263208770706,47.63403679813387,41.62394973598645,85.31449297027405,125.8077793650248,-0.8936100371409642
73.01478270361397,127.62408349413973,49.88236887893635,47.580633118320485,41.7615547623878,85.25304367324664,125.79700142852232,-0.8934540334268678
73.01330443325257,126.95167514472575,49.94413199104271,47.70256980648844,41.24539928614902,85.20773930592198,125.78730128567008,-0.8932586300841809
73.00197398992731,125.32650763025318,49.929718791938434,47.9623128258396,41.000859357534125,85.16696537532978,125.78857115710308,-0.8932477670757628
72.98177659093459,127.19385686722785,49.806746912744586,48.356081543255634,40.30077342178071,85.1302688377968,125.75971404139277,-0.8936229903681866
72.99359893184113,127.09447118050505,49.59607222147012,48.69047338893007,40.21069607960264,85.09724195401714,125.73374263725348,-0.8937956913313679
73.00423903865702,124.75502406245454,49.60646499932311,48.83142605003707,40.379626471642375,85.06751775861542,125.72036837352815,-0.8940061221982311
73.00381513479131,126.33952165620909,49.5958184993908,48.79828344503336,40.62166382447814,85.04076598275388,125.69833153617533,-0.8941955099784079
73.01343362131219,127.94556949058817,49.53623664945172,48.58845510053003,40.51949744203033,85.0166893844785,125.6584983825578,-0.894365958980567
73.01209025918097,125.82101254152936,49.49261298450655,48.23960959047702,40.4075476978273,84.98502044603065,125.62264854430202,-0.8943543630825104
73.01088123326286,126.80891128737642,49.5433516860559,47.81564863142932,40.46679292804457,84.93651840142759,125.62038368987183,-0.8942339267742594
73.00979310993658,128.59802015863878,49.57901651745031,47.404083768286384,40.28011363524011,84.88286656128483,125.59834532088465,-0.8940155340968334
72.99881379894293,127.0682181427749,49.99111486570528,47.06367539145774,40.392102271716105,84.81457990515635,125.59851078879619,-0.8940939806871501
72.98893241904864,125.5213963284974,50.45200337913475,46.837307852311966,40.51289204454449,84.75312191464072,125.59865970991657,-0.8933945826184351
72.98003917714377,127.13925669564766,50.45680304122128,46.71357706708076,40.36160284009004,84.69780972317665,125.60879373892492,-0.8933701243565915
72.9620352594294,127.3853310260829,50.38112273709915,46.87221936037269,40.29544255608104,84.65802875085897,125.65791436503243,-0.8933481119209323
72.95583173348646,125.1067979234746,50.46301046338923,47.19499742433542,40.42589830047294,84.63222587577307,125.69212292852917,-0.8933833007288391
72.95024856013782,124.88611813112713,50.23670941705031,47.665497681901876,40.743308470425646,84.61900328819577,125.70291063567626,-0.8935799706559552
72.94522370412403,126.59750631801442,50.03303847534528,48.20894791371168,41.068977623383084,84.61710295937618,125.69261957210864,-0.8938669735903596
72.95070133371163,124.13775568621298,49.81973462781075,48.58805312234051,41.17207986104478,84.62539266343856,125.66335761489778,-0.8942902762313236
72.96563120034048,124.1739801175917,49.737761165029674,48.769247810106464,41.4348718749403,84.6328533970947,125.63702185340799,-0.8946162486081913
72.97906808030643,125.97658210583253,49.7439850485267,48.75232302909582,41.341384687446265,84.63956805738523,125.61331966806718,-0.8946346237473722
72.99116127227579,125.91892389524928,49.85958654367403,48.58709072618624,41.12724621870164,84.61561125164671,125.58198770126046,-0.894596161372635
72.9820451450482,123.58703150572435,49.883627889306624,48.35838165356762,41.424521596831475,84.58405012648204,125.56378893113441,-0.8946165452353715
72.99384063054339,125.07832835515191,49.935265100375965,48.102543488210856,41.24206943714833,84.54564511383384,125.55741003802098,-0.8941948907118343
72.99445656748905,126.93049551963672,50.201738590338365,47.90228913938977,41.1878624934335,84.53108060245046,125.57166903421887,-0.8940904016406508
72.98501091074016,125.23744596767305,50.27156473130453,47.8220602254508,41.02907624409015,84.55797254220542,125.59450213079698,-0.8939413614765858
72.97650981966615,124.63370137090575,50.394408258174074,47.92985420290572,40.61616861968113,84.62217528798487,125.63505191771728,-0.8938072253289272
72.97885883769953,126.56033123381518,50.464967432356666,48.25686878261515,40.29455175771302,84.71995775918639,125.69154672594556,-0.8939065027960345
72.98097295392958,126.30429811043365,50.458470689121,48.691181904353634,40.36509658194172,84.83796198326775,125.722392053351,-0.894215852516431
72.98287565853663,123.99386829939029,50.3526236202089,49.06206371391826,40.53858692374755,84.97416578494098,125.74015284801591,-0.8944942672647879
72.98458809268297,125.06448146945125,50.29736125818801,49.28585734252644,40.1247282313728,85.10674920644688,125.74613756321432,-0.894689840538309
72.98612928341467,127.31803332250612,50.32762513236921,49.337271608273795,40.312255408235515,85.23607428580219,125.75152380689289,-0.8947558564844782
72.9875163550732,125.77622999025552,50.274862619132286,49.24354444744641,39.91102986741197,85.35246685722197,125.7463714262036,-0.8949252708360304
72.98876471956588,124.65860699122996,50.25737635721906,49.03919000270177,39.659926880670774,85.44722017149977,125.73173428358324,-0.8948577437524273
72.96988824760929,126.39274629210696,50.21163872149715,48.845271002431595,39.7139341926037,85.51249815434979,125.72856085522491,-0.8945769693771846
72.98289942284836,127.01347166289627,50.14047484934744,48.76074390218843,39.37254077334333,85.55124833891482,125.73570476970242,-0.8944892724394661
72.96460948056352,124.55212449660664,50.246427364412696,48.77466951196959,40.215286696009,85.56612350502333,125.76213429273217,-0.8944103451955194
72.94814853250718,126.16691204694597,50.24178462797143,48.98720256077263,39.943758026408105,85.54951115452099,125.79592086345896,-0.8942843106759675
72.94333367925645,127.69022084225138,50.307606165174285,49.30848230469537,39.59938222376729,85.50456003906888,125.81632877711306,-0.8942808796083708
72.9490003113308,125.21119875802623,50.23684554865686,49.62763407422583,39.50944400139056,85.45410403516199,125.82469589940176,-0.8942777916475337
72.97410028019772,126.1200788822236,50.10316099379118,49.86487066680324,40.1184996012515,85.39869363164578,125.82222630946158,-0.8945500124827804
72.95669025217795,128.13807099400125,50.01284489441206,50.058383600122916,40.28664964112635,85.33882426848122,125.80000367851542,-0.8946300112345025
72.95102122696017,126.24426389460113,50.021560404970856,50.13254524011062,40.297984677013716,85.26494184163309,125.77000331066388,-0.8950320101110523
72.97591910426415,125.61983750514102,50.00940436447377,50.05929071609956,40.33818620931235,85.16844765746977,125.74300297959749,-0.8952288090999471
72.98832719383773,127.18785375462691,50.04846392802639,49.8633616444896,40.724367588381114,85.05160289172278,125.71870268163774,-0.8951309281899523
72.98949447445396,127.69906837916423,50.15361753522375,49.59702548004064,40.951930829543,84.9264426025505,125.69683241347396,-0.8947128353709571
72.99054502700857,125.3291615412478,50.208255781701375,49.40732293203658,40.856737746588706,84.79379834229545,125.68714917212657,-0.8945565518338614
72.99149052430771,126.16624538712301,50.257430203531236,49.306590638832915,40.57106397192983,84.6544185080659,125.70843425491391,-0.8943608966504752
72.96234147187694,127.60962084841071,50.35168718317811,49.38593157494962,40.70395757473685,84.51897665725932,125.69759082942252,-0.8940198069854278
72.95610732468924,126.04865876356965,50.22651846486029,49.56733841745466,40.42356181726316,84.39707899153339,125.67783174648027,-0.8941528262868851
72.97049659222033,124.53379288721268,50.04386661837426,49.83060457570919,40.36120563553685,84.28737109238006,125.64004857183224,-0.8941625436581966
72.9934469329983,125.94041359849142,49.949479956536834,50.047544118138276,40.305085071983164,84.18863398314205,125.59604371464901,-0.8944462892923769
72.99410223969846,127.53637223864227,49.89453196088315,50.04278970632445,40.46457656478485,84.08977058482785,125.5464393431841,-0.8944816603631393
73.01469201572861,125.74273501477803,49.945078764794836,49.908510735692005,40.42811890830637,83.99079352634507,125.4917954088657,-0.8944034943268253
73.02322281415576,126.25846151330023,50.07057088831535,49.67765966212281,40.33530701747573,83.88171417371058,125.44261586797913,-0.8944431448941428
73.01090053274018,128.15261536197022,50.023513799483815,49.46989369591053,40.10177631572815,83.76354275633952,125.42835428118121,-0.8942588304047285
72.99981047946616,127.17735382577321,49.91116241953544,49.36290432631947,39.771598684155336,83.63718848070557,125.41551885306309,-0.8942029473642557
72.99982943151954,124.7396184431959,49.8700461775819,49.37661389368752,39.6144388157398,83.51346963263501,125.38396696775678,-0.8939326526278301
73.0098464883676,125.6456565988763,49.81304155982371,49.52895250431877,39.70299493416582,83.41212266937151,125.35557027098109,-0.8938543873650471
73.00886183953084,127.42109093898867,49.701737403841335,49.80605725388689,39.80269544074924,83.33091040243437,125.32001324388298,-0.8938389486285423
73.01797565557776,126.40898184508981,49.6615636634572,50.075451528498206,39.832425896674316,83.28781936219093,125.26801191949468,-0.8939900537656881
72.97617809001997,124.51808366058083,49.83540729711148,50.247906375648384,39.519183307006884,83.28903742597184,125.20121072754522,-0.8941810483891193
72.97856028101798,126.08627529452275,49.80186656740034,50.30311573808355,39.757264976306196,83.32013368337466,125.1510896547907,-0.8943529435502073
72.97070425291619,127.83764776507047,49.92167991066031,50.21280416427519,39.831538478675576,83.3781203150372,125.10598068931162,-0.8943426491951866
72.96363382762456,125.40388298856342,49.969511919594275,49.97152374784768,39.798384630808016,83.44030828353348,125.07538262038045,-0.8946083842756679
72.97727044486211,126.22349468970708,49.97256072763485,49.704371373062905,39.93854616772721,83.51627745518014,125.0278443583424,-0.8946275458481011
72.9795434003759,127.89114522073636,50.085304654871365,49.473934235756616,40.034691550954484,83.58464970966213,124.98505992250816,-0.8943147912632909
72.99158906033831,127.13203069866273,50.02677418938423,49.35654081218095,40.20122239585904,83.63618473869592,124.96655393025733,-0.8940883121369618
72.99243015430449,124.68882762879646,49.964096770445806,49.390886730962855,39.81110015627314,83.66256626482632,124.9598985372316,-0.8940494809232656
72.99318713887403,125.96994486591682,49.91768709340123,49.571798057866566,39.98999014064582,83.6763096383437,124.96390868350844,-0.894069532830939
72.98386842498664,127.50295037932513,49.895918384061105,49.89461825207991,39.550991126581245,83.68867867450932,124.96751781515759,-0.8943075795478451
72.98548158248798,125.3726553413926,49.796326545655,50.23515642687192,39.225892013923115,83.69981080705838,124.97076603364184,-0.8943568215930606
73.00693342423918,125.47538980725335,49.696693891089495,50.44164078418472,39.3333028125308,83.71982972635254,124.94368943027766,-0.8946211394337545
73.02624008181526,127.28785082652801,49.727024501980544,50.42747670576625,39.52997253127772,83.74784675371728,124.9293204872499,-0.894749025490379
73.04361607363373,127.8790657438752,49.844322051782484,50.26472903518963,39.71697527814995,83.76306207834556,124.89638843852491,-0.8948641229413411
73.03925446627035,125.60115916948767,49.79988984660424,50.038256131670664,39.535277750334956,83.756755870511,124.87674959467242,-0.894912710647207
73.03532901964331,126.12104325253891,49.859900861943814,49.8244305185036,39.45174997530146,83.72108028345991,124.84907463520517,-0.8950114395824863
73.02179611767897,127.96893892728501,49.90391077574944,49.66198746665324,39.44657497777131,83.66897225511391,124.84416717168466,-0.8949352956242377
73.00961650591108,126.5620450345565,49.9135196981745,49.58578871998792,39.52191747999419,83.59207502960251,124.8497504545162,-0.894701766061814
73.00865485531997,126.65584053110085,49.992167728357046,49.717209847989125,39.49972573199477,83.49286752664227,124.86477540906458,-0.8946015894556325
72.99778936978797,128.20025647799076,50.03295095552134,50.00548886319021,39.1897531587953,83.38358077397804,124.86829786815812,-0.8943464305100692
73.00801043280917,128.86023083019168,49.93965585996921,50.40493997687119,39.06077784291577,83.27522269658024,124.87146808134231,-0.8943367874590623
73.01720938952826,126.42420774717252,49.87569027397229,50.834445979184075,38.614700058624194,83.17770042692223,124.89432127320808,-0.8944381087131561
73.02548845057544,127.01178697245527,49.75812124657506,51.14100138126567,38.15323005276178,83.09993038423,124.90488914588727,-0.8949142978418405
73.0329396055179,128.82060827520974,49.59230912191755,51.2669012431391,38.0879070474856,83.029937345807,124.89440023129853,-0.8951228680576565
73.01964564496612,126.95854744768876,49.5830782097258,51.19021111882519,37.82911634273704,82.9769436112263,124.88496020816868,-0.8954205812518908
73.0076810804695,126.03269270291987,49.614770388753215,51.00119000694267,38.016204708463334,82.92924925010368,124.8864641873518,-0.8954135231267017
73.00691297242254,127.70942343262789,49.82329334987789,50.701071006248405,38.274584237617006,82.88632432509331,124.88781776861663,-0.8952421708140316
72.9962216751803,128.9484810893651,49.90096401489011,50.500963905623564,38.427125813855305,82.83769189258398,124.90903599175496,-0.8949229537326284
72.97659950766227,126.39363298042859,49.93086761340109,50.41086751506121,38.11441323246978,82.78392270332559,124.93813239257946,-0.8946906583593656
72.97893955689604,126.46426968238573,50.10778085206098,50.42978076355509,37.8129719092228,82.71553043299302,124.96431915332151,-0.894536592523429
72.97104560120644,127.70784271414716,50.127002766854886,50.58680268719958,37.87167471830052,82.64397738969372,124.98788723798936,-0.8943429332710862
72.9539410410858,127.17705844273245,50.1143024901694,50.888122418479625,37.81450724647046,82.56957965072435,125.00909851419041,-0.8944986399439775
72.96854693697722,126.2393525984592,49.63287224115246,51.24931017663166,37.583056521823416,82.50262168565192,125.00818866277137,-0.8946387759495797
72.97169224327949,127.77541733861328,49.089585017037216,51.49437915896849,37.29475086964107,82.44235951708673,124.99736979649424,-0.8948748983546218
72.99452301895154,128.47787560475194,48.68062651533349,51.594941243071645,37.31527578267696,82.39812356537806,124.99763281684481,-0.8951974085191595
72.99507071705638,126.27008804427675,48.342563863800144,51.51544711876448,36.19374820440927,82.35831120884026,124.98786953516033,-0.8953226676672436
73.00556364535075,127.86307923984907,47.99830747742013,51.33390240688803,35.314373383968345,82.32248008795624,124.97908258164429,-0.8953254009005193
72.99500728081568,129.39677131586416,47.83847672967811,51.11051216619922,34.552936045571506,82.28023207916061,124.99117432347985,-0.8950528608104673
72.98550655273411,127.16709418427774,47.544629056710306,50.9294609495793,33.98764244101436,82.23220887124455,125.02205689113187,-0.8948075747294206
72.9769558974607,127.57038476584997,47.380166151039276,50.81651485462137,32.95887819691292,82.18898798412009,125.03985120201868,-0.8945318172564786
72.95926030771463,129.26334628926497,47.20214953593535,50.824863369159225,31.93299037722163,82.14008918570808,125.04586608181681,-0.8941736355308307
72.95333427694317,127.70701166033848,46.97193458234182,51.0023770322433,31.159691339499464,82.08608026713726,125.05127947363512,-0.8939612719777477
72.95800084924885,126.20631049430463,46.804741124107636,51.322139329018974,30.743722205549517,82.04747224042355,125.0561515262716,-0.8937151447799728
72.94220076432397,127.71567944487417,46.58426701169687,51.759925396117076,30.359349984994562,82.03272501638119,125.06053637364444,-0.8937136303019755
72.93798068789158,128.88411150038675,46.425840310527185,52.27393285650537,30.843414986495105,82.04945251474308,125.05448273628,-0.893877267271778
72.97418261910242,126.08570035034808,46.27325627947447,52.67653957085483,31.799073487845593,82.09450726326878,125.049034462652,-0.8941895405446002
72.98676435719219,127.30713031531327,45.965930651527025,52.83888561376935,32.479166139061036,82.1550565369419,125.0141310163868,-0.8945255864901402
72.96808792147297,128.97641728378196,45.69933758637432,52.884997052392414,33.18124952515493,82.2295508832477,124.97271791474812,-0.8948280278411263
72.97127912932568,126.84877555540376,45.68940382773688,52.75649734715317,33.753124572639436,82.30659579492293,124.9254461232733,-0.8947702250570136
72.98415121639312,127.09389799986339,45.80046344496319,52.50084761243785,34.29781211537549,82.36593621543062,124.89290151094598,-0.8944432025513123
72.9857360947538,128.66450819987705,45.790417100466875,52.21076285119407,34.488030903837945,82.41934259388756,124.88361135985139,-0.8941488822961811
72.97716248527843,127.74805737988935,45.67137539042019,51.99968656607466,34.44922781345415,82.45740833449881,124.86525022386625,-0.893993994066563
72.9694462367506,125.62325164190041,45.61423785137817,51.87971790946719,34.484305032108736,82.48166750104893,124.85872520147961,-0.8939095946599067
72.96250161307555,127.07092647771036,45.48281406624035,51.84174611852047,35.08587452889786,82.51350075094405,124.84285268133165,-0.8936136351939161
72.94625145176799,128.01383382993933,45.45453265961632,51.93757150666843,34.96728707600808,82.55215067584965,124.82856741319848,-0.8935672716745244
72.9316263065912,125.64245044694539,45.38907939365468,52.103814356001585,35.36055836840727,82.60693560826469,124.81571067187863,-0.893250544507072
72.92846367593208,126.03820540225085,45.35017145428922,52.32343292040143,35.81450253156654,82.67624204743822,124.82413960469077,-0.8930754900563648
72.96561730833888,127.61438486202576,45.26515430886029,52.51108962836129,35.89305227840988,82.7486178426944,124.82172564422169,-0.8932479410507284
72.95905557750498,127.04294637582318,45.21863887797426,52.59998066552516,35.74374705056889,82.82375605842496,124.77955307979951,-0.8934581469456556
72.97315001975448,124.65865173824085,45.25677499017684,52.559982598972645,36.039372345512,82.89138045258247,124.73159777181955,-0.89342733225109
72.98583501777904,125.76278656441676,45.191097491159155,52.483984339075384,34.9354351109608,82.95224240732422,124.6684379946376,-0.893564599025981
72.99725151600114,127.25650790797508,45.201987742043244,52.265585905167846,34.03189159986472,83.00701816659179,124.62159419517384,-0.8933581391233828
72.98752636440102,126.17085711717758,45.14178896783892,51.97902731465106,33.058702439878246,83.04631634993262,124.59943477565646,-0.8933923252110445
72.98877372796092,123.86377140545983,45.14761007105503,51.78112458318596,32.00283219589042,83.07168471493937,124.57949129809082,-0.89325809268994
72.98989635516483,124.94739426491385,45.15284906394953,51.73301212486736,31.17254897630138,83.11451624344542,124.59154216828173,-0.892752283420946
72.99090671964835,126.40265483842248,45.12756415755457,51.759710912380626,30.125294078671242,83.17306461910088,124.59238795145356,-0.8926270550788514
72.98181604768351,124.61238935458023,45.11480774179912,51.873739821142564,29.812764670804118,83.26575815719079,124.5731491563082,-0.8924593495709663
72.98363444291516,122.8811504191222,45.08332696761921,52.07636583902831,29.681488203723703,83.3991823414717,124.54583424067738,-0.8923634146138696
72.99527099862365,124.61303537720998,45.00499427085729,52.32872925512548,28.91333938335133,83.57926410732453,124.51125081660965,-0.8920570731524826
72.99574389876129,126.35173183948899,44.91449484377156,52.495856329612934,28.4820054450162,83.79133769659208,124.49012573494868,-0.8920563658372344
72.99616950888516,124.3065586555401,44.9130453593944,52.52627069665164,28.24380490051458,84.02220392693287,124.4711131614538,-0.8920007292535109
73.01655255799663,124.1159027899861,44.92174082345496,52.463643626986475,27.49942441046312,84.2599835342396,124.44400184530842,-0.8920606563281599
73.01489730219697,125.9343125109875,45.02956674110947,52.317279264287826,27.279481969416807,84.51398518081562,124.44960166077759,-0.8920045906953439
73.02340757197727,125.89088125988874,45.13661006699852,52.115551337859046,27.001533772475128,84.77258666273406,124.45464149469983,-0.8918441316258096
73.02106681477954,123.56179313389987,45.24294906029867,51.92399620407315,26.591380395227613,85.02532799646066,124.48917734522985,-0.8916447184632286
73.01896013330159,124.77561382050988,45.358654154268805,51.901596583665835,26.67224235570485,85.2727951968146,124.50025961070686,-0.8914652466169057
73.01706411997144,126.28805243845889,45.33278873884193,52.00143692529925,26.725018120134365,85.50551567713313,124.51023364963618,-0.8914137219552152
73.01535770797429,124.889247194613,45.38950986495773,52.261293232769326,26.472516308120927,85.71496410941981,124.51921028467255,-0.8915323497596936
73.01382193717686,122.4403224751517,45.31055887846196,52.5951639094924,27.525264677308833,85.88346769847783,124.5072892562053,-0.8913091147837242
73.03243974345916,123.59629022763653,45.289502990615766,52.99564751854316,27.99273820957795,86.01512092863005,124.49656033058477,-0.8909982033053518
73.02919576911324,125.24666120487286,45.210552691554184,53.36608276668885,28.773464388620155,86.10360883576705,124.4669042975263,-0.8912133829748166
73.02627619220192,124.00199508438558,45.14949742239877,53.559474490019966,29.98611794975814,86.14324795219034,124.44021386777368,-0.891627044677335
73.02364857298173,121.82179557594702,45.21454768015889,53.74352704101797,31.187506154782326,86.1489231569713,124.41619248099632,-0.8919443402096016
73.03128371568356,123.10961601835233,45.223092912143,53.84917433691617,31.798755539304096,86.11403084127417,124.40457323289668,-0.8920099061886414
73.0281553441152,125.0486544165171,45.2507836209287,53.85425690322455,32.68887998537369,86.03262775714676,124.42411590960701,-0.8920139155697773
73.01533980970368,123.61378897486539,45.31570525883583,53.91883121290209,32.989991986836316,85.91936498143208,124.4617043186463,-0.8916875240127995
73.0038058287333,122.09241007737886,45.24413473295225,53.996948091611884,33.500992788152686,85.76742848328887,124.49553388678166,-0.8914487716115195
72.75342524585997,123.65316906964097,45.09972125965702,54.10725328245069,33.51089350933742,85.58068563495998,124.52598049810348,-0.8911788944503675
72.36808272127398,124.74785216267686,44.94974913369131,54.30652795420562,33.95980415840368,85.37261707146398,124.55338244829312,-0.8911560050053308
72.17127444914658,122.21306694640917,44.91477422032219,54.55587515878506,34.09382374256331,85.15535536431757,124.56804420346381,-0.8913004045047977
72.01414700423193,122.69176025176826,44.80329679828996,54.75028764290655,34.094441368306974,84.91981982788582,124.58123978311744,-0.8915403640543179
71.76273230380875,124.43258422659143,44.70296711846096,54.82525887861589,34.20499723147628,84.68783784509725,124.59311580480569,-0.8917013276488861
71.55645907342787,123.02932580393228,44.632670406614864,54.7827329907543,34.49449750832865,84.44905406058753,124.61380422432512,-0.8915161948839975
71.46081316608509,122.60639322353904,44.56940336595338,54.68445969167887,34.85504775749578,84.20414865452878,124.62242380189261,-0.8914045753955977
71.28473184947659,124.22575390118514,44.69246302935804,54.516013722510976,35.2495429817462,83.95373378907591,124.63018142170336,-0.8912491178560379
71.16625866452893,125.45317851106662,44.81321672642223,54.25441235025988,35.98458868357158,83.70836041016832,124.64716327953303,-0.8908892060704341
71.09963279807603,123.24786065995997,44.91189505378001,54.01897111523389,36.28612981521442,83.4775243691515,124.67244695157973,-0.8907302854633906
70.88966951826842,123.05307459396397,44.91070554840201,53.8170740037105,36.45751683369298,83.24977193223636,124.70520225642176,-0.8903672569170515
70.87070256644158,124.54776713456758,45.069634993561806,53.69536660333945,36.96176515032368,83.03479473901272,124.77468203077957,-0.8898755312253464
70.72363230979742,125.28299042111082,45.10267149420562,53.67582994300551,36.75558863529131,82.83131526511144,124.84721382770161,-0.8897079781028118
70.71126907881768,123.00469137899974,44.97240434478506,53.68824694870496,36.44002977176218,82.6481837386003,124.90249244493144,-0.8896121802925305
70.63014217093591,123.37422224109977,44.905163910306555,53.769422253834456,36.84602679458596,82.48336536474027,124.9322432004383,-0.8896909622632775
70.64712795384233,125.1468000169898,44.8846475192759,53.90248002845101,37.061424115127366,82.33502882826623,124.96901888039447,-0.8896518660369497
70.4624151584581,124.37212001529082,44.926182767348315,53.90223202560591,37.14528170361463,82.2015259454396,124.98211699235502,-0.8897816794332548
70.48617364261229,122.28490801376174,44.933564490613485,53.84200882304532,37.150753533253166,82.08137335089563,124.98390529311952,-0.8900085114899293
70.42755627835106,123.39641721238557,44.90020804155214,53.707807940740786,36.985678179927845,81.98323601580607,125.00551476380757,-0.8897176603409364
70.38480065051596,124.90677549114702,44.910187237396926,53.557027146666705,37.33711036193506,81.88491241422545,125.04496328742681,-0.8896208943068427
70.41632058546436,124.20609794203232,45.019168513657235,53.43132443200003,37.433399325741554,81.79642117280291,125.06046695868413,-0.8893138048761583
70.25468852691793,121.86548814782908,44.95725166229151,53.318191988800024,37.0700593931674,81.71677905552261,125.06442026281572,-0.8887074243885424
70.29921967422614,122.79893933304616,44.99152649606236,53.376372789920026,37.24305345385066,81.63510114997035,125.06797823653413,-0.8887666819496882
70.19929770680352,124.43904539974154,44.90237384645612,53.41873551092802,36.7987481084656,81.56159103497332,125.07118041288071,-0.8888750137547194
70.25936793612317,122.96514085976739,44.88213646181051,53.42686195983522,37.02887329761904,81.49543193147599,125.11406237159264,-0.8889175123792474
70.20343114251085,120.67862677379065,44.86392281562946,53.364175763851705,37.15598596785714,81.4358887383284,125.13265613443338,-0.8891207611413228
70.26308802825977,121.16076409641158,44.79753053406652,53.28775818746654,37.04038737107143,81.38229986449556,125.12939052099003,-0.8890836850271905
